<?xml version="1.0" encoding="UTF-8"?>
<beans xmlns="http://www.springframework.org/schema/beans"
	xmlns:xsi="http://www.w3.org/2001/XMLSchema-instance"
	xsi:schemaLocation="http://www.springframework.org/schema/beans http://www.springframework.org/schema/beans/spring-beans.xsd">

<bean id="etudiantDao" class="com.logement.mvc.dao.Impl.EtudiantDaoImpl"></bean>
<bean id="etudiantService" class="com.logement.mvc.services.Impl.EtudiantServiceImpl">
		<property name="dao" ref="etudiantDao"></property>
</bean>

<bean id="affecterDao"  class="com.logement.mvc.dao.Impl.AffecterDaoImpl"></bean>
<bean id="affecterService" class="com.logement.mvc.services.Impl.AffecterServiceImpl">
  <property name="dao"  ref="affecterDao"></property>  
</bean>

<bean  id="blocDao"  class="com.logement.mvc.dao.Impl.BlocDaoImpl"></bean>
<bean id="blocService"  class="com.logement.mvc.services.Impl.BlocServiceImpl">
  <property name="dao"  ref="blocDao"></property>  
</bean>

<bean id="chambreDao" class="com.logement.mvc.dao.Impl.ChambreDaoImpl"></bean>
<bean id="chambreService" class="com.logement.mvc.services.Impl.ChambreServiceImpl">
    <property name="dao"  ref="chambreDao"></property>  
</bean>

<bean id="inscrireDao"  class="com.logement.mvc.dao.Impl.InscrireDaoImpl"></bean>
<bean id="inscrireService"  class="com.logement.mvc.services.Impl.InscrireServiceImpl">
  <property name="dao"  ref="inscrireDao"></property>
</bean>

<bean id="operationsDao" class="com.logement.mvc.dao.Impl.OperationDaoImpl"></bean>
<bean id="operationsService" class="com.logement.mvc.services.Impl.OperationsServiceImpl">
<property name="dao"  ref="operationsDao"></property>
</bean>

<bean id="residenceDao"  class="com.logement.mvc.dao.Impl.ResidenceDaoImpl"></bean>
<bean id="residenceService"  class="com.logement.mvc.services.Impl.ResidenceServiceImpl">
<property name="dao"  ref="residenceDao"></property>
</bean>

<bean id="demandeDao"  class="com.logement.mvc.dao.Impl.DemandeDaoImpl"></bean>
<bean id="demandeService" class="com.logement.mvc.services.Impl.DemandeServiceImpl">
<property name="dao" ref="demandeDao"></property>
</bean>

<bean id="utilisateurDao" class="com.logement.mvc.dao.Impl.UtilisateurDaoImpl"></bean>
<bean id="utilisateurService"  class="com.logement.mvc.services.Impl.UtilisateurServiceImpl">
<property name="dao"  ref="utilisateurDao"></property>
</bean>


</beans>